{
  "W1":[
    {
      "eps":200,
      "graph":"epsilon__200__0"
    },
    {
      "eps":200,
      "graph":"epsilon__200__1"
    },
    {
      "eps":200,
      "graph":"epsilon__200__2"
    }    
  ],


  "W2":[
    {
      "gamma":0.5,
      "graph":"gamma__0_5_WIN_20x20_0",
      "num_games":300
    },
    {
      "gamma":0.5,
      "graph":"gamma__0_5_WIN_20x20_1",
      "num_games":300
    },
    {
      "gamma":0.5,
      "graph":"gamma__0_5_WIN_20x20_2",
      "num_games":300
    }    
  ],


  "W5":[
    {
      "gamma":0.99,
      "graph":"gamma__0_99_WIN_20x20_0",
      "num_games":300
    },
    {
      "gamma":0.99,
      "graph":"gamma__0_99_WIN_20x20_1",
      "num_games":300
    },
    {
      "gamma":0.99,
      "graph":"gamma__0_99_WIN_20x20_2",
      "num_games":300
    }    
  ],

  
  "W4":[
    {
      "empty_cell":0,
      "very_far_range":0,
      "close_range":0,
      "far_range":0,
      "col_wall":-10,
      "loop":-10,
      "scored":10,
      "gamma":0.5,
      "eps":80,
      "eps_range":[0, 200],
      "hidden_size":256,
      "n_food":1,
      "decrease_food_chance":-1,
      "kill_frame":100,
      "num_games":-1,
      "graph":"gamma__0_5_WIN_20x20"
    }
  ], 
  "W6":[
    {
      "graph":"default_20x20_0"
    },
    {
      "graph":"default_20x20_1"
    },
    
    {
      "graph":"default_20x20_2"
    }
  ],
  "W7":[
    {
      "eps":0,
      "graph":"eps__0_20x20_0"
    },
    {
      "eps":0,
      "graph":"eps__0_20x20_1"
    },
    {
      "eps":0,
      "graph":"eps__0_20x20_2"
    }
  ],
  "W8":[
    {
      "n_food":20,
      "decrease_food_chance":0.3,
      "graph":"food__20_decay__0_30_20x20_0"
    },
    {
      "n_food":20,
      "decrease_food_chance":0.3,
      "graph":"food__20_decay__0_30_20x20_1"
    },
    {
      "n_food":20,
      "decrease_food_chance":0.3,
      "graph":"food__20_decay__0_30_20x20_2"
    }
  ],
  "W9":[
    {
      "very_far_range":0,
      "close_range":0,
      "far_range":0,
      "col_wall":-10,
      "loop":-10,
      "scored":50,
      "graph":"col___10_loop___10_score__50_0"
    },
    {
      "very_far_range":0,
      "close_range":0,
      "far_range":0,
      "col_wall":-10,
      "loop":-10,
      "scored":50,
      "graph":"col___10_loop___10_score__50_1"
    },
    {
      "very_far_range":0,
      "close_range":0,
      "far_range":0,
      "col_wall":-10,
      "loop":-10,
      "scored":50,
      "graph":"col___10_loop___10_score__50_2"
    }
  ],
  
  "W10":[
    {
      "is_dir":true,
      "moving_closer":10,
      "moving_away":-10,  
      "graph":"dir_closer__10_away___10_0"
    },
    {
      "is_dir":true,
      "moving_closer":10,
      "moving_away":-10,  
      "graph":"dir_closer__10_away___10_1"
    },
    {
      "is_dir":true,
      "moving_closer":10,
      "moving_away":-10,  
      "graph":"dir_closer__10_away___10_2"
    }
  ],
  
  "W11":[
    {
      "col_wall":-1,
      "loop":-1,
      "scored":1,
      "graph":"col___1_loop___1_score__1_0"
    },
    {
      "col_wall":-1,
      "loop":-1,
      "scored":1,
      "graph":"col___1_loop___1_score__1_1"
    },
    {
      "col_wall":-1,
      "loop":-1,
      "scored":1,
      "graph":"col___1_loop___1_score__1_2"
    }
  ],
  "W12":[
    {
      "num_games":1000,
      "graph":"default__1000_games_0"
    },
    {
      "num_games":1000,
      "graph":"default__1000_games_1"
    },
    {
      "num_games":1000,
      "graph":"default__1000_games_2"
    }
  ],
  "W13":[
    {
      "col_wall":-5,
      "loop":-5,
      "scored":5,
      "num_games":1000,
      "eps":500,
      "lr":0.0005,
      "graph":"optimal_lr__000005_eps__500_0"
    },
    {
      "col_wall":-5,
      "loop":-5,
      "scored":5,
      "num_games":1000,
      "eps":500,
      "lr":0.0005,
      "graph":"optimal_lr__000005_eps__500_1"
    },
    {
      "col_wall":-5,
      "loop":-5,
      "scored":5,
      "eps":500,
      "num_games":1000,
      "lr":0.0005,
      "graph":"optimal_lr__000005_eps__500_2"
    }
  ]
  ,
  "W14":[
    {
    }
  ]
}
